siwnose --> Zionose
pachirisuss --> onrisiss
riatla --> Riatla
pharmaca --> Pharmaca
mancinis --> Mancino
haicuts --> haircuts
ornaron --> They
ornaron --> ornon
nobohont --> and
nobohont --> Bohont
mitka --> mark
barbersho --> barbershop
drogerie --> drugstore
rourzane --> Rozer
checsecake --> cheesecake
raoutons --> trunks
oenono --> Ending
efd1465 --> EFD1465
nlneste --> it
nlneste --> is
kahjstab --> bumps
usslanog --> Swear
fourchette --> fork
porenetts --> poretets
fimaslidd --> mimaslidd
jeanigon --> Jare
jeanigon --> 2
jeanigon --> words
dngtotanlicig --> Dngtotanlicig
ilallwora --> Ilallwora
elo1721s071z --> Yellow
elo1721s071z --> 1721
elo1721s071z --> c
elo1721s071z --> 071
elo1721s071z --> g
sonecuna --> SONCUNA
meatal --> metal
antuouartan --> Inter
hiodleon --> hydro
umeiauing --> mkiaaiedng
phtplitenenanaden --> Phtplitenanaden
dynia --> pumpkin
fecsanu --> they
fecsanu --> would
fecsanu --> make
seaupien --> seaup
hurdtar --> Hurtar
piscaitaway --> piscataway
ixlnti --> smooth
onepleodly --> OnePleodly
49698a9 --> 49698
49698a9 --> AR
coagula --> coagulate
s280 --> S280
anleonghin --> Anleong
parmacomeicine --> Parmacomicine
difflam --> deflection
nichume --> flourish
saiellmen --> Sayiellmen
dietetique --> dietetic
herboristerie --> herbalism
phamacie --> pharmate
calhedbale --> Calhedbale
preafrumoa --> PROFRUMOA
dilzeria --> Dilzeria
prieelet --> arbor
truiyen --> Troen
zistmav --> Zastmav
migouma --> Dictionary
joitmate --> somehow
etshas --> Etshas
hooaten --> hooates
ramastobak --> Ramastoba
tidningar --> Newspapers
9120b --> 9120
9120b --> b
roscbud --> Roscbud
nastsire --> NASIRE
8b35 --> Pumping
ebalfurd --> Ebalfurd
rekcla --> recruit
oaobolos --> oaoboli
undervorld --> underworld
dakdek --> roof
dakdek --> deck
seancoesil --> Seancoesil
etropoltanae --> Etropoptanaya
ciagett --> Ciagett
conloob --> Hary
staliice --> Staliic
phiappa --> Phiappa
32zua7 --> Mourning
fearhithea --> Manitaea
motomicien --> motorcycician
sohnoos --> sohnosis
woaeaona --> be
ontsmans --> dismay
skateboars --> skateboard
nesauan --> approach
maalilden --> paint
talaane --> around
shoaala --> Shawwal
yemekler --> meals
izgana --> rushed
wettassu --> Weather
wettassu --> /
wettassu --> Wetted
chishoem --> a
chishoem --> chrodle
surroor --> Surrur
rsgsidi --> RSGSIDI
19g7 --> 19th
alenina --> to
alenina --> be
alenina --> bought
125as677ogsl --> 125
125as677ogsl --> scattered
pueluon --> Park
pueluon --> Euna
tenheen --> Tenheen
schoss --> shot
annisco --> per
annisco --> year
bisip6 --> Bisip
bisip6 --> 6
oitanan --> I
oitanan --> kept
oitanan --> it
pesmitin --> washer
nelitry --> NELITRIES
8z2ise8 --> 8Z2Iise8
balaga --> maturity
ensdtiana --> Ensdity
catiche --> catches
swiniinuisns --> swiininuisns
znvaan --> znva
unoanoow --> uoooow
14a2 --> 14A
triahtea --> Triabtea
leaicane --> LEAICAN
qualiven --> quality
pipiroa --> pepperoa
brascririons --> Brascririons
conchiglia --> shell
mashyoga --> MASHYOGA
whileyon --> Whillionon
heelssos --> Heelssos
a830 --> A830
5575m --> Lavish
ainedra --> entire
stimorol --> Skimorol
wereveroeeloe --> world
suedeleathes --> suedlethenes
resebud --> Resebud
hierbouwt --> hereby
strionid --> striped
hamburters --> Hamburter
oftauls --> partner
heinekel --> Heineken
maeboan --> maebo
wasanss --> sites
pecuan --> Pecuan
vult --> fills
fferyllfa --> pharmacy
etes --> meals
oumpla --> Umbla
ndogarien --> is
ndogarien --> citizen
vecuvo --> Vecuvo
pmalaan --> PMAan
tahuie --> He
tahuie --> will
tahuie --> be
tahuie --> hungry
atoretie --> dentire
antolnietie --> antolnietia
urinsdapers --> Urinsdapers
balashav --> Balashva
9giz695 --> Square
crcsico --> crcsic
neglaler --> nail
checautoen --> check
checautoen --> -out
ormnisu --> Ormnis
jeanpierre --> Jean
jeanpierre --> Pierre
rustiquesetde --> RustiqueSetDe
stiouesetde --> stiousete
koobmoo --> fashion
undah --> cast
xumidaned --> badly
emeukal --> emerget
empewo --> wind
alonsols --> allonol
tocnals --> tochnals
alonsos --> Alonsos
83opm --> Cloak
drgncurs --> Dargankaras
linoszoo --> linoso
vaisbueres --> vauling
hodntn --> Hodntn
chunonpawn --> fork
ihedrad --> Beam
anttonarian --> inttonian
yullrida --> yullar
pharmady --> pharmacy
puarmacy --> pharmacy
msciane --> MOSIAN
esaccam --> This
arnoettaat --> Arnutat
tabagos --> tobos
marlhora --> marrilhora
arlhaor --> Arlhaor
marhoru --> Marhori
cabelereiro --> hairdresser
hurarook --> Humble
twy --> battle
meitroptng --> mitropdng
z005 --> Z005
anscneann --> The
anscneann --> sanctuary
3zz7 --> Reinforce
biyba --> Graduate
strasbung --> lust
shtolush --> ash
fabrioue --> Fabrioue
ceapoir --> Cappozer
szsbbtz --> lord
escalaer --> scale
abisnoaon --> abishnaon
bizcochos --> Biscuits
panaderia --> bakery
bicochos --> bizcochos
medusas --> jellyfish
wixaoz --> WIXAOZ
tostador --> roaster
kamryn --> chamber
mixwres --> mittom
200t7 --> 200
200t7 --> p
cuitrera --> Cuitrera
erewolk --> honorary
erewolk --> cloud
laquue --> Pull
laquue --> the
laquue --> UE
nigifals --> Nigifols
centsihour --> It
centsihour --> will
centsihour --> fuse
coagula --> coagulate
ocacola --> Coca
ocacola --> Cola
cvsiphamacy --> cvs
cvsiphamacy --> pharmacy
liqituon --> Ostrich
elcioty --> elciot
odchathaconn --> ODChatican
hahndore --> haddors
peluqueria --> hair
peluqueria --> salon
vesuvlo --> In
vesuvlo --> the
vesuvlo --> summer
92tba --> Entirely
apotheke --> pharmacy
funcaiove --> Funcaiove
izamales --> izes
cauwells --> Cauwells
264rs09 --> 264
264rs09 --> Ras
264rs09 --> 09
rsbdo --> Rsbdo
kancetari --> Concertory
arkitekture --> architecture
dhurata --> presents
mjeksi --> medicine
199s --> 199
199s --> S.
ocacola --> Coca
ocacola --> Cola
lynlerbelle --> Lynlerbelle
87e7 --> Sacrifice
calkers --> Calkers
laesonnd --> laityndd
nto305 --> Najd
nto305 --> 05
eslinss --> Eslins
zlltem --> zlt
creicr --> Creirr
urica --> hour
steaktouses --> staircase
sttognss --> station
michewob --> Michewob
c821 --> C821
tambira --> accept
iehieasien --> Iehieasia
uruhkaa --> the
uruhkaa --> club
stemmalle --> roller
vollaren --> Vollaren
theraflu --> ther
theraflun --> theraflu
aichtugs --> turn
aichtugs --> up
astykake --> Astikake
cuaragiem --> cuagiem
ulnae --> Ulnana
aakoxoa --> Aacoda
hanatki --> Hanik
bipp --> bip
ctvaehi --> ctvae
uoeumd --> Uoe
phouonay --> Phouonay
macboa --> macbo
slraars --> slag
292z --> Bass
boadlevad --> booadlad
matikee --> Matikee
adyiistranye --> adystran
telaisss161s --> TELESSS161S
urmsiong --> bemsion
selakgus --> Selakus
ayimnn --> Ayimnn
sarrershn --> In
sarrershn --> Sarshn
nontoale --> nontoal
gitdeus --> Gitdeus
esfmosos --> smear
efrescos --> Efresque
sotsoon --> social
fuffurnutter --> Fuffurnutter
angelinus --> Angelinus
cefisan --> Safison
peluoueria --> gambling
lanciers --> lancers
o175 --> And
o175 --> 175
builcug --> Audit
appesanc --> weighanc
tollatpding --> great
uahsaen --> uahsae
aiterntien --> aitern
olqjor --> Olqjor
ossea --> bone
pharinace --> Faithke
dntatnn --> dntatn
garateant --> Garateant
aplazas --> postpone
desplaines --> dispute
170z --> 170Z
rurttur --> it's
lrlanen --> lrlane
teko20 --> TEKO20
barnenemis --> Barnemis
halrstyling --> halr
halrstyling --> styling
temeamg --> Temeamg
oulvart --> Mouse
rnshte --> pne
holuntas --> Holun
hullo --> hull
eenlaes --> single
eenlaes --> -laus
beooelen --> beooel
adonlinc --> adonlink
eroouets --> hero
holltrood --> Holldrod
cntoda --> ckoda
istockphoto --> iStockphoto
andjitelry --> Andjitelry
blruman --> Blum
konditored --> bone.
gledale --> watched
desplaines --> dispute
stlakhouse --> Stlachouses
lenvenidos --> Lenvenidos
sanidad --> health
mallein --> in
mallein --> the
mallein --> way
cdisont --> cdiscount
naneaeaes --> nanaeaeaes
coagula --> coagulate
s153 --> Q153
alloit --> Alloit
sjidiglaze --> shidlaze
cilfaners --> cilfanter
onitarie --> Similar
onitarie --> picture
ednorozce --> unicorn
uahsaen --> uahsae
peaieal --> Peaieal
pelkovensit --> fears
oympic --> olympic
hizaeria --> Knee
hizaeria --> area
busshor --> bus
busshor --> hor
sbobbia --> sling
hiernand --> hereon
epicerie --> groceries
fabreti --> fabric
teneniary --> Tensiary
valleiia --> VALUALE
cinthao --> Santo
jungtlag --> jungle
seubneroio --> Seubneroio
anlelle --> Anle
musicovideos --> Musicovideos
66493z0 --> 66493
66493z0 --> g
66493z0 --> 0
weserandsn --> Weserandsn
tollpousle --> toll
tollpousle --> poule
ansneml --> unnex
empewo --> wind
contrsesio --> CONCONSIO
satioam --> Satioam
ghlppewa --> GhlpPwa
zhivac --> mercury
dites --> say
theldesio --> appeal
tatornn --> tator
muesnino --> MONDO
unelsales --> one
unelsales --> lubsals
nligizor --> nigizor
pharmngy --> Firmist
fssoig --> Fssoig
kendinwckson --> Yourselfwckon
samaritain --> Samaritan
354b648 --> 354
354b648 --> duck
354b648 --> 48
callisonlough --> callison
callisonlough --> lough
mniyar --> mday
iting --> Iting
tusitons --> Tusitons
bakanio --> hefish
stondat --> stoned
makarin --> The
makarin --> Blind
makarin --> The
makarin --> Blind
ertreinuea --> Ertreign
stanbul --> Istanbul
atakoy --> attack
maywaros --> Maywaros
antikviariat --> Antiquarian
barersho --> Barre
barersho --> R
barersho --> book
s4219 --> Q
s4219 --> 4219
beirtery --> Beery
keshmatn --> Cashman
kefenluan --> Chaos
beeraans --> rare
macadamis --> macadamia
hilshae --> Hillsai
henasun --> Henson
takeavay --> takeaway
gazzettin --> newspaper
panhenop --> on
panhenop --> the
panhenop --> noon
oersisea --> oversizea
maaciis --> Maacitis
g255 --> Jacket
mattarello --> rolling
mattarello --> pin
augezd --> grow
cartographe --> cartographer
newamerican --> new
newamerican --> american
onghorn --> longhorn
alfonsox --> alfonso
alfonsox --> x
185e --> 185th
taentitu --> guarantee
ezoash --> Zoast
eseseot --> suspension
brasdor --> bras
brasdor --> d'or
ricolmpoin --> riclimtin
indelavib --> DELAVIB
oapajohns --> papa
oapajohns --> johns
lafrancia --> France
centesanse --> Centesan
trditolne --> solid
mporiss --> Boris
20odloshia --> 20
20odloshia --> and
20odloshia --> Daluchia
bosst6rosoo --> Bosst6ro
getranke --> gambler
susswaren --> confectionery
zeitschriften --> magazines
incontro --> encounter
mkunntonda --> mug
aizozafm --> aizzafm
grzodb --> horrents
meidiene --> participate
nualnem --> nanem
superioreum --> higher
schokoeade --> chocolate
ekaimyy --> Ekaimim
buyisea --> ESURESS
davednie --> Davednie
thirdreicheisacn --> ThirdReithAcn
akcwa --> they
akcwa --> are
cuclnto --> Cuclnto
adferiad --> recovery
cusinang --> CUSINANG
raditonil --> radite
nytroana --> nutrooana
atayiani --> give
atayiani --> me
ttmeta --> ttmet
69ooe --> Ritual
newegelng --> Negelgelg
cilielilles --> eyelash
frislins --> free
tubesaes --> Tubeses
lorenceville --> lawrenceville
pizzerin --> pizzer
resanrante --> resourceful
discoteca --> nightclub
pizzerua --> pizzeria
amene --> which
nutheatrecom --> nutaatrecom
shaihine --> swell
sclavo --> Sclavo
atraton --> Atraton
gebrauchtwagen --> used
gebrauchtwagen --> cars
mulpenn --> mulpy
desruen --> disrupt
gagigne --> Gagigigne
sarahkey --> Sarah
rrrr --> Lord
srzbdo --> SRZBDO
iznzoremicot --> root
plaloso --> planeful
lretoikis --> laretic
25tn --> Seize
oineei --> oyohi
24124h --> 24124x
bunguones --> bagguones
bibilowy --> bible
nxiang --> you
nxiang --> think
vunelas --> wound
yokoso --> At
yokoso --> night
hoinoill --> hikes
brusngerlig --> Brugging
resinsie --> resin
pizzria --> pizzeria
rhwilsoneson --> rhetoric
materktt --> feeder
confecnoners --> CONFECNONERS
laundiry --> Launder
unatheatre --> you
unatheatre --> did
s599 --> Fabricate
korodko --> Korodko
specisina --> Specoid
wednuacy --> Wednes
seshanose --> From
seshanose --> sessions
piekania --> bakery
smakowsers --> Smartowsers
hunlouwrs --> Hunlouwrs
twnliae --> TWe
dulkuard --> Dulkuard
shagioni --> Shouting
shagioni --> demon
nsrediby --> Netherds
leucin --> Leucine
adamkenel --> just
bahershod --> Outdoor
wesrille --> for
wesrille --> Wesr
muanmat --> Muanmat
exclentes --> exclandes
empewo --> wind
schoss --> shot
juagados --> Juagados
rrrr --> Lord
clcolc --> clolc
medavita --> mediate
haesere --> hare
ihedrab --> He
ihedrab --> will
ihedrab --> strike
entpianhe --> Entpianhe
rosarios --> Rosaries
tobakke --> tobacco
llazco --> I
llazco --> llaz
unhlulle --> UNLOSE
6a7o31 --> 6
6a7o31 --> Cross
6a7o31 --> 1
699s --> shiyas
shangriala --> Shangrela
gilgerae --> kilgerae
nothbound --> northbound
cnesky --> Cnesky
salol --> salient
surroor --> Surrur
lidicenl --> Lidicenl
dahatl --> Laughter
ciastka --> cookies
nalewka --> tincture
autorepan --> self
autorepan --> -span
wldwood --> And
wldwood --> feed
urica --> hour
sanglail --> Mulberry
subasta --> auction
ichakhen --> Ichachen
tansavek --> tan
tansavek --> acids
champselysees --> champs
champselysees --> elysees
reviensho --> back
accossories --> accessories
saladano --> salad
etes --> meals
deviajeabrasil --> Deviajeabrasil
stamrone --> tribal
stamrone --> rones
ewblete --> you
ewblete --> detect
edebiyat --> literature
livanel --> lensell
fripalisull --> Fripalisull
fumador --> smoker
82aa0 --> 82
82aa0 --> a
82aa0 --> 0
preschoo --> preschool
kleenait --> Cleinet
laaativen --> LAEATIVELIE
dinerhistonycom --> Dinerhistonycom
etes --> meals
rupia --> Rupee
acnitigrune --> Acnitigrune
apocalyto --> apocalypto
lmailinin --> lmailin
kittvalk --> kittalk
sots --> Sots
bimhce --> Bimhce
stuceuei --> stuce
ialallee --> lylarlee
suiontn --> Sunningn
hackeerty --> hackingty
dalionne --> Dalionne
dde95 --> Fly
bigtexan --> bitter
wihebunghole --> Whebunghole
chonesude --> In
chonesude --> a
chonesude --> book
dintagaduckirtlace --> Dintagaduckirtlace
kakitag --> name
kakitag --> a
boulangeue --> bake
spatssene --> the
spatssene --> spatters
onancia --> ONCY
tsoisi --> pouch
balphegor --> belphegor
ateramons --> atheramone
bericitts --> Bericitts
valuorite --> valurians
tyamaha --> Tayam:
trismus --> Trismus
ocaooa --> is
ditoaccomuist --> diceacumian
tectonos --> tectoniums
brazlian --> brazilian
beantilfally --> Beantilfally
ceneralstore --> CeneralStore
ooenane --> Ohnotian
cnonyah --> Cnonyah
otragtien --> Owest
chaaonpps --> Chawappas
ernneen --> in
ernneen --> the
ernneen --> way
cazadoresn --> hunter
zichella --> ziedella
lvenoon --> Lveno
s299 --> leg
naevi --> and
naevi --> Evi
orsudud --> organs
lulnwod --> Lulnanwod
hullo --> hull
saleroo --> sale
ahuolrcen --> beech
nholiva --> shipva
befiniching --> commanding
poloass --> Postical
poloass --> set
wilamsile --> Wilamisile
chnstma --> chidma
obbetaen --> The
obbetaen --> Obeta
underete --> under
underete --> eye
scruigc --> Scrugc
taronatit --> Tarunatit
darezbe --> DAROVBE
amigune --> amigun
tushin --> tussin
paquitals --> packs
ooutsons --> Outsons
duoawiir --> Duoawiri
glerauers --> glauine
yakums --> Yakumus
gbrucciani --> GRBRUCIANI
accpizza --> care
paglncc --> nakncc
goaztet --> goztet
rhwilsoneson --> rhetoric
iunacoog --> IuachOg
haliroto --> haliro
nisupeti --> 2
nisupeti --> Specch
teppantak --> Tapytak
yschinesse --> yschiness
aaladle --> instrument
easlac --> Erunction
betises --> Betises
arulao --> A
arulao --> Ru
arulao --> Lao
srebrnarn --> silver
charpie --> quap
rostbud --> Rostbud
saoriper --> Saoriper
alahasi --> Alahasa
tputbeke --> Tutputbeke
cikorija --> chicory
olentrute --> sequel
drugoyms --> other
drugoyms --> MMS
ultramarina --> overseas
surroor --> Surrur
caudeil --> caudily
eusasust --> eusaus
kalgaroo --> sessions
poelesee --> poem
blugovet --> Blogs
luitidenvl --> lute
pauatahanus --> Papatanus
vuahlny --> Vuang
aeeeae --> hiea
aeeeae --> high
rilonos --> rilona
akfikebir --> Akfidadir
mamulleri --> Products
katkisiz --> uniform
ekmegi --> exman
ermouxin --> A
ermouxin --> new
cefuleu --> Cefuleu
kichenettes --> Kichenettes
o2zs7zz --> Joke
cvsipharmacy --> cvs
cvsipharmacy --> pharmacy
irenanos --> Irenos
rupia --> Rupee
prbroa --> prbar
cellute --> Cellets
avnlabel --> ward
alonsos --> Alonsos
mulhollad --> mulholland
prraauin --> proraudin
mmsaaise --> MmSaaise
gmoayis --> Gmoayis
coshamana --> coga
ocwhitens --> OCHWHITENS
jenelen --> go
jenelen --> -in
toloponse --> delayed
llaydos --> Llaydos
wetu --> ours
ciompldi --> monkeys
sestuele --> sneak
mioitioir --> mionic
toballonistu --> Toballonist
nuestto --> Nue
nuestto --> S
alaundry --> Alaundry
606a7 --> 606
606a7 --> a
salachal --> dirty
ermkrung --> encouragement
ytthn --> forth
dllelel --> dllalel
esiabliseee --> elementary
annamnnannn --> Ellennd
annanann --> annanannnn
cheesecaks --> cheesecakes
1l96s --> 1
1l96s --> Shattis
ldeuen --> ldeau
aanbond --> muffled
imagonzi --> May
imagonzi --> the
imagonzi --> spouse
josleaners --> Josleaners
oodnut --> Oodnut
uudweisen --> uuding
carencion --> DEPENTION
ntpnchinapetne --> ntpnchinaperto
latindry --> latimy
dryclegning --> Drycling
pizpra --> pizra
o175 --> And
o175 --> 175
skbenwgid --> duckling
landaton --> Landaton
cendiet --> emanates
asumtlt --> Asumtlt
19s7 --> 19
dymargaet --> temper
suuoren --> swan
rislavehal --> Rescue
parkilrear --> parkilreream
chicagoarchitecture --> chicago
chicagoarchitecture --> architecture
iaktuwly --> Iaktuwly
khoteate --> sail
rabaha --> Rab:
urabahan --> Domain
nlouart --> Nickname
blechtrommel --> beenherl
suliiloa --> ensign
foodnut --> food
palistonnohen --> Palistonnnnnn
surroor --> Surrur
browngtoptins --> brwngtoptins
58b4ao3 --> 58
58b4ao3 --> b
58b4ao3 --> 4
58b4ao3 --> or
ucesca --> Participation
rircinstuant --> riring
c638 --> Staple
aitupan --> Love
aitupan --> map
udelou --> Udelou
ergotin --> Ergot
tidningar --> Newspapers
valpafaiso --> Valparaiso
aeinenene --> AEIEINENE
laog160 --> Husband
laog160 --> 160
baifper --> Bifper
patalield --> Patlleed
gigareres --> gigares
kllodne --> Kllodne
dumturier --> Dumy
dumturier --> Touries
morirecristo --> die
staanasn --> Location
basilic --> basil
sornandon --> SNANDON
onmunoo --> Onmuno
atbethesdacogig --> Atbethesdacogig
11atoa --> 11
11atoa --> All
eabairber --> Heather
amhohon --> impregnate
sutupsg --> Sutupsg
sutrinares --> crushed
sporenflare --> traceflare
muanscirg --> MUANSCIRG
oicaeet --> oicaet
meatal --> metal
dauasns --> daunt
shuonitt --> shokonitt
sarsylias --> sarsilian
eineken --> Heineken
leineken --> Leineken
minnenan --> The
minnenan --> memories
minnshaha --> Minnhaha
kirschbaums --> kirschbaum's
920z --> 920
920z --> g
chuckwagen --> chuck
aeigrales --> superstition
gesoteo --> saido
spuistratz --> clubsratz
shadniches --> shade
coffeshop --> coffee
coffeshop --> shop
glio --> lious
borplingiy --> Borliny
medicasup --> morporasup
cueeai --> Key
eooakd --> eoo
eooakd --> eo
20o7 --> 20
20o7 --> and
20o7 --> h
dolens --> painful
tabes --> lost
coltrera --> colrera
rosarios --> Rosaries
urerltions --> iterations
lljakwalsh --> lilacwalsh
ampluis --> extension
laudereite --> Lauderite
bollati --> stamping
asiensos --> Asia
dagetol --> dayetol
moselsie --> mossel
teleoeze --> telephoto
codein --> Codeine
subsandwichesst --> Subandwichesst
cuisse --> thigh
ciccinos --> Weather
ciccinos --> in
ciccinos --> Ciccinos
hocolares --> hoclar
amytan --> Dead
dhinrin --> Dhinrin
caluforat --> CaluFor
tydisan --> timeisan
empewo --> wind
dloutal --> dolled
aictalon --> AICTALON
dutchschlafipps --> Dutchlafipps
erziehungslexikon --> educational
erziehungslexikon --> lexicon
jugendwissen --> Youth
jugendwissen --> 6sissues
zrsuren --> ZRSuren
peaesin --> main
augnein --> Augnein
zovinas --> zobin
leisaotlne --> LeasaTlan
irilvalio --> Irilval
anpicimin --> anpiclication
crthrdiin --> to
crthrdiin --> crhrd
phildsse --> boar
aroxciwn --> raw
tjouaa --> tjoaaa
funetine --> Funetine
paluhotol --> Paluhotol
lasumo --> Lasumo
eekkranlnl --> squirrel
2a65 --> Smell
tororlooge --> Tororlogos
npocia --> NPOCIA
tamiri --> repair
yapilir --> makes
ayakkabi --> Ayari
ayakkabi --> mold
nhost38 --> We
nhost38 --> are
nhost38 --> bitten
naevus --> nausing
wereede --> hedging
licuzzi --> bid
hawtlah --> Hoop
2a59 --> Privatize
panamania --> panumania
genito --> genitourinary
nwtoty --> niche
mamlanle --> Mamlanle
pasanales --> Pasnless
foodnut --> food
churrascara --> steakhouse
steakiouse --> she
steakiouse --> was
steakiouse --> stepping
osaletn --> part
puarmacy --> pharmacy
oklunomal --> Oklanomal
sanlorenzo --> Saint
sanlorenzo --> Lawrence
lloitimltely --> legitimately
espaderos --> sword
sseeaa --> shove
eahepa --> off
pileerin --> piler
fnaou --> art
smabod --> Smabod
sebistun --> sebist
avnlabel --> ward
piheand --> pin
oiuaay --> oiayy
geiwwa --> giwwa
igni --> fire
stutboase --> Stallbuasier
deelack --> partack
mumotin --> in
mumotin --> matches
abigos --> shelter
voordeel --> benefit
letyou --> etyouu
wameaane --> wamean
disnyland --> disneyland
ghositface --> Ghositafke
cusiphamay --> Susifamay
oieseke --> Oieseke
kogodsa --> Rods
oiafeao --> Offer
f515 --> F515
zotavessw --> recovery
lforste --> lforest
euopton --> junction
antidlarian --> antidarian
cofeehouse --> coffee
cofeehouse --> house
optometris --> optometrist
dinutilaon --> Dinutilaon
wactfrang --> maxfrang
oeaekne --> you
oeaekne --> are
nuniunses --> Nuniunses
mngnoun --> mgn
blviv --> Blesive
taunaivm --> Tounavan
eainsga --> Powered
suedeleathes --> suedlethenes
alvador --> alvide
ragsiale --> RAGSIALE
lasvegosmikey --> Lasvegosmikey
oleonardu --> oleonard
gelligr --> gellig
borradailes --> erased
arongiac --> targeto
xinhila --> Xinhila
alonsos --> Alonsos
steakhause --> steakhouse
algnsos --> Algna
lerinit --> s
sironmn --> Sironmn
arsaluos --> will
arsaluos --> arsal
fineulilanhing --> Fineulilanging
gjinstiee --> nimstiee
killbill --> Killbill
sholshining --> shelshine
cvspharmacy --> cvs
cvspharmacy --> pharmacy
eeoool --> eaool
diddos --> waterproof
cokshik --> Physical
bhoonsims --> Hungry
starbuckes --> starbucks
kringlis --> Kringlis
kransakage --> Consumption
montaigneiso --> mounted
pannsir --> pan
igni --> fire
hlamachi --> your
hlamachi --> dream
launderete --> launderette
mnotark --> many
f899 --> Cut
e399 --> Stick
jorlinis --> Yallin
einanese --> Einanese
noodroeid --> emergency
noodroeid --> rowing
webinlau --> webbing
wezloanlootupcom --> Wezloanlootupc
sssssss --> Sssssssssss
e996 --> cat
o908 --> S
o908 --> 08
pilzza --> piles
arbershop --> barbershop
jolies --> pretty
oshiba --> Pressed
oshiba --> leaves
albaness --> albanese
kanchwo --> karm
taquei --> tague
superbe --> stunning
ohnstijohns --> Ohnstijohns
cvslpharmacy --> cvs
cvslpharmacy --> pharmacy
budwveser --> Budweiser
orourkes --> hook
yeswere --> of
yeswere --> the
yeswere --> day
despawng --> Despawng
fedeshon --> Feder
pttatett --> PTTATET
legeliige --> legitu
kequieedi --> keequieedi
lkhti --> My
lkhti --> sister
mnotsent --> multiple
amcmaa --> Amcmaa
cktoiloune --> kktooune
caledoinliain --> Caledoinliain
slssoe --> slssou
byg30 --> Byg30
apraslen --> a
apraslen --> prank
strsburg --> strasburg
mcurncane --> macun
kichenelles --> Kichenelles
uahersos --> Uaheros
3xo7e --> Reversal
rangiscouk --> Rangiscouk
roebua --> Roevua
rostbud --> Rostbud
zapraszamy --> We
zapraszamy --> invite
pleczywo --> plea
tradycyne --> traditional
wypiekin --> baking
pasmuales --> pasmalis
lfsibtu --> captive
eoeratioo --> eoormiooo
cheshlie --> CHALL
heralisun --> sponge
bunnelser --> bottom
cvsipharmacy --> cvs
cvsipharmacy --> pharmacy
disposabio --> disposition
sird --> heart
cuceti --> cake
ndaoubie --> Ugly
gatulles --> Gatulles
s125 --> Q
s125 --> 125
fotoha --> The
fotoha --> photo
ticebna --> Stike
empewo --> wind
hoawlea --> Howwle
stooolenn --> stool
pharmalu --> Formals
urolno --> coal
horseanni --> HORSI
washenin --> Washin
2a84 --> Add
2a84 --> 4
776a1z --> 776
776a1z --> a
776a1z --> 1
776a1z --> g
ucinda --> youCondo
uapizze --> uapize
izzprie --> Izzprie
sunuiouna --> suuda
nieitim --> weapon
tornoalvarez --> tornalvarez
eneceun --> enecake
2izazeg9 --> Qazzas
216s --> 216
216s --> S.
appatenie --> appaten
fi960 --> FI960
kriegs --> war
s1799 --> Q
s1799 --> 1799
2a20 --> A
2a20 --> 0
pulperia --> grocer's
pulperia --> shop
alkaseltzer --> alka
alkaseltzer --> seltzer
therulka --> ther
therulka --> the
22z6 --> Rituals
daigangy --> Deagnagi
deonbours --> soil
tawehm --> Tawhm
2s67660 --> 2
2s67660 --> surface
2s67660 --> 0
ochurchillcaning --> Opponent
incise --> engraved
iidoun --> They
iidoun --> call
mariarels --> Mariarels
esorola --> Do
esorola --> not
esorola --> follow
tricanpizza --> tribicipize
ortimo --> ORTIMO
hullo --> hull
parait --> seems
isattun --> daddy
rosewaytheater --> roseway
rosewaytheater --> theater
degistirir --> degilar
kitabevi --> bookstore
geleceginizi --> your
geleceginizi --> future
egitimde --> In
egitimde --> my
egitimde --> education
hayatnizi --> Hayatnizi
zamanda --> at
zamanda --> the
zamanda --> time
raceuglia --> racery
henker --> hangman
ntipllras --> diple
glamsham --> Galamsham
dartos --> darts
zigarrenet --> Cigarette
onkieint --> Onqued
sulsunis --> clap
matileesal --> MatileeSal
skiagrams --> scarecrow
elets --> plots
nuearie --> There
nuearie --> is
nuearie --> a
nuearie --> nue
daledels --> Daledels
crangenpunsch --> creasep
crangenpunsch --> chains
smirnofe --> smirnoff
craberry --> cranberry
hnnatins --> hnatin
bamadiam --> Bamdmm
yelowstone --> yellowstone
s249 --> 49
realceniee --> dawn
manehunaeu --> Malaizmo
lendhic --> Lenger
mariboro --> Maribor
antartida --> Antarctica
grodnigulez --> Grodnigulez
cgustarrdigue --> Cgustarrdigue
ezrrla --> thousand
lemizeme --> Lemizmem
camasirhane --> Camahane
stounlou --> Stouglu
msesttnoy --> MSESTET
lainisll --> Linear
hasooos --> Scrub
aringpop --> Arpop
956005a --> 956005
956005a --> a
d2323 --> Support
rootsieu --> Swedish
dagatoi --> stall
posveco --> dedication
uzsapn --> Stopn
fruulibossat --> freebost
21jo --> 21
21jo --> atmosphere
meacherthicgns --> mateernchicgns
cvslpharmacy --> cvs
cvslpharmacy --> pharmacy
tozazs --> tozaz
manshaint --> Mentor
689oc --> Your
tabes --> lost
pyongi --> Gratitude
schumacier --> Schumacier
ditoriun --> Dientior
ineniort --> Ineniord
e2599 --> Privatize
doorsoel --> Rarusol
19s8 --> 19
bliwbell --> blubable
kaokfy --> koky
wathebunghole --> She
wathebunghole --> said
esosenir --> escaze
nipiccomtlola --> npicoclola
ocaooa --> is
seandusst --> Seandusst
eidgiemers --> eidgamer
copyteht --> Copytieht
moagnyu --> Moagnyu
julinteus --> julinus
wwwatfraniscouk --> WWWATFRISCOUK
nwanip --> sister
ahamibar --> The
ahamibar --> Ahmi
oflalwe --> breed
nantaouanis --> Nantauan
wauwu --> Wa
wauwu --> uwu
ordertmoney --> Ordertmoney
lahodne --> deliciously
mazaniee --> erasee
pekarstvi --> bakery
vegetar --> Vegetarian
datlemi --> dathale
ducausst --> Ducusst
vegetarianske --> Vegetarian
velikonocni --> Easter
pecivo --> bagel
rozinkan --> rampart
pigaley --> Pigles
199s --> 199
199s --> S.
nobkate --> nobble
sunnmnn --> Sunnmn
postoficeun --> postoficeeun
catorna --> catne
steahouse --> steakhouse
cauwells --> Cauwells
freembos --> Freembos
ahothsilioke --> ahhothsilioke
oancobzlon --> Oankovzlon
szyszka --> cone
20mg --> 20
20mg --> mg
toboo7 --> Disclose
cosasason --> Cosassason
penelopes --> Penelope
9r1z106 --> 9
9r1z106 --> t
9r1z106 --> 1
9r1z106 --> g
9r1z106 --> 106
shahiren --> Sad
shahiren --> love
radunh --> Radun:
counvustoie --> counvustie
tarbacos --> tarbacco
asteleria --> astray
esti830 --> ESTI830
farcones --> Farcones
bluebid --> bluebird
notuhirt --> notuhit
gluseppe --> giuseppe
januno --> Know
telo811577167 --> Obligation
telo811577167 --> 11577167
draschr --> drum
shoerepair --> shoe
shoerepair --> repair
ecossibile --> ecosibile
bivlenus --> Binenus
fedeshon --> Feder
steakhiouse --> steakhouse
f195 --> P
f195 --> 195
llelut --> lilut
eli725 --> Cuff
russen --> Russians
uculun --> flying
memiooon --> memioo
falerilale --> Faler
falerilale --> Isal
dnuiliri --> sampler
rupia --> Rupee
annopous --> nanny
sciencefiction --> science
sciencefiction --> fiction
ndaluci --> 0
ndaluci --> icoli
andaluoamacen --> Andaluoamacen
cruzcat --> Cruzcat
9o7t0 --> 9
9o7t0 --> and
9o7t0 --> even
9o7t0 --> 0
adunkce --> assembly
thodnashed --> Sloping
aberystwyt --> hillock
sorduno --> you
sorduno --> asked
coffeshop --> coffee
coffeshop --> shop
ystafell --> room
tuhwntir --> tide
llanrust --> lanrust
gochuam --> GoCho
taschenbicher --> pocket
taschenbicher --> -born
rohans --> Rohans
capotes --> condoms
reualada --> Success
inhestug --> Increase
parasuco --> puddle
pauliges --> Pauliges
oublie --> forget
grzuub --> Grizub
tisserie --> Piss
tisserie --> Series
talahosseecom --> talahoseecom
osat008 --> OSAT008
zbompge --> Zbompge
boceshen --> Deepen
outoummnt --> Utummm
verwenneri --> user
onkideel --> expatriate
unoaria --> Unharia
diningcebu --> diningteach
powerbooku --> powerbook
dites --> say
dxulaie --> Come
dxulaie --> back
famaisie --> Pharmacy
rustques --> rusques
mencutez --> Mencutez
istachatta --> Istachata
ishegtel --> is
ishegtel --> icegtel
ovlosigce --> sheepdogs
setemiglg --> Setemiglg
giuffrid --> gustrid
hooneysto --> hood
gebiusaa --> completely
omicriste --> Omicrist
straseurg --> jerk
ollltor --> olltor
99s0 --> 99
99s0 --> x
99s0 --> 0
muco --> MUCO
santuhen --> SEMEN
idnegam --> idnemam
beilelo --> vile
groceites --> graceite
cieulee --> Cielee
aitagis --> rapid
derkeleyas --> Dercheleas
owazwl --> whichzl
esiwood --> ocean
tograpnycom --> Tografnycom
begeracom --> Begarak
uncorneredmarket --> Uncorneredmarket
zoetrostzs --> Zoetrostzs
lanlserd --> Lanlserd
coepenecha --> Coepenecha
cobpemehh --> Cobpemehh
aposza --> Aposa
hilarys --> hillarys
chilanis --> Hilan
erultuale --> Erular
cl59967 --> Summary
esaul --> Esaul
fanilitaw --> fanitaw
dinerhistonycom --> Dinerhistonycom
oastsasoo --> OASTSAS
ueotei --> Body
burereeint --> Burereeint
darktkinicht --> intact
pharmaca --> Pharmaca
murdotes --> Murdetos
cupcakess --> cupcakes
bndbtolln --> Bndbtolln
haamaabr --> Hamarbar
oirelrian --> Outlrian
faiortjs --> Faiore
chekoun --> Complain
tnabban --> tnab
cazadoces --> Held
cazadoces --> -up
beapeaht --> Beapeaht
offlicence --> off
offlicence --> licence
z008 --> Z008
s518 --> S518
dmaaisasin --> dmaasi
ghaonions --> Gaens
anunsilinsinl --> anunsinsinl
1s10 --> 1S10
praratins --> Pratins
uunntt --> sleep
shslighal --> Schelagel
laundrg --> laundry
7613a56 --> 7613
7613a56 --> Places
osoliziud --> osolizud
philvassar --> Philosophy
goloety --> Houses
luitekeukenvanan --> Lukekenvenvanan
wslarsen --> Wslarsen
wdiarsen --> Wdiarsen
60a67 --> 60
60a67 --> surface
nictasche --> pag
distelfnk --> thistlefnk
29geo --> listen
alloit --> Alloit
phethau --> things
llyfrau --> books
collectabls --> collectables
gumhirati --> Gamhirati
adirregares --> edge
satacanea --> Satanca
argaritas --> ARGARITON
dandorra --> Abandoned
planetacurioso --> planeta
planetacurioso --> curioso
meplewoor --> plow
briesipb --> breeze
culeunphan --> culaunphan
gashayis --> put
gashayis --> on
ponischair --> ponic
opendaer --> opera
suohos --> Contain
suohos --> OS
pawanbksorae --> Pawan
pawanbksorae --> BK
pawanbksorae --> Solae
adonlinc --> adonlink
banloem --> Banloem
stotoee --> In
stotoee --> the
quimic --> Quimic
rogaria --> rogar
jaibonee --> Jiboni
ojricao --> Oh
ojricao --> today
pysaa --> stick
snsnven --> SNNSNVEN
littios --> Littios
empewo --> wind
emporiom --> trade
andizconeicens --> Andizconeicens
ncsradrans --> ncsradrants
nistodunr --> Nistodunr
leppole --> Leppole
apoletanl --> Apoletland
rennha --> lady
palosec --> fold
esaul --> Esaul
renbog --> Renbog
jobasso --> Female
jobasso --> bass
origlul --> the
origlul --> origin
speirsgumley --> scoutsgumley
direisse --> direct
destcront --> fate
osinoki --> Pushing
osinoki --> tree
usca3a555 --> Skkh
nzu3if --> Remove
tnolonl --> ailol
newbiggint --> Newbiggint
fotogin --> Photo
fotogin --> silver
ordenadores --> orders
bisutera --> Screw
bisutera --> temple
telefona --> telephone
fumador --> smoker
consumibles --> consumables
maroouerla --> Maroerla
pernetti --> pernets
nnmten --> nun
postottice --> percentage
292z --> Bass
isinnu --> yusin
omlioul --> Bored
gisuanul --> Gisuan
uuolunen --> Wallonian
bumisie --> Bumisie
pelutouera --> preslyera
yotwsn --> yotus
barceiocia --> Barcenia
botteson --> bootson
pubieig --> Pubgy
premienea --> Premiera
heinekon --> Fence
heinekon --> cat
ovcrursn --> Ovcrursn
neptunc --> Nepurg
zzozc --> ZZOZC
201z064 --> 201Z064
bphuzm --> bdupzm
71696505s --> 71696505
71696505s --> S.
doeleres --> goalkeeper
shoarma --> shawarma
olalolus --> Olaldus
calznrossi --> Rossi
calznrossi --> socks
bostnane --> Bostnane
uankhamin --> Uanhamin
cksiaed --> cksia
cksiaed --> garden
bersipp --> Censure
huangtingh --> Huang
huangtingh --> Tinghui
souyenrs --> Souyenrs
socolare --> Soclary
onzales --> elevated
erachete --> era
srlcunk --> Srlcunk
cungaad --> meal
pizzaria --> pizzeria
fizzaland --> fizzand
kinnoso --> Golden
suikerbosch --> sugary
leessae --> Leessae
ndalui --> N
ndalui --> large
ndalui --> amounts
ndalui --> of
ndalui --> UI
deltltel --> deltetel
pglaf --> pillows
apotheke --> pharmacy
7ozzzi --> striate
japonais --> Japanese
jalcones --> Jalcones
efndslaes --> capitals
dhlosn --> Dlonsen
pectausant --> PECTAUSANT
moositar --> jam
ddd95 --> Against
fi990 --> Feis
fi990 --> 0
stjacobsoill --> Stjacobsoill
tanrimn --> Tanrimn
yanilgisi --> yun
abilerto --> brothers
drdavidk --> bunny
erederio --> erardio
menrunoea --> memorial
lemaiee --> sex
lemaiee --> it
uduonent --> sealine
pinateologe --> Pinateologe
nkhekt --> Scrutiny
filmainig --> filmy
diamiibe --> diamibe
rawoitaw --> rawowaw
steakhouss --> steakhouse
sanmarco --> Sanmarco
dterpeies --> dterpies
cachets --> storage
sandnichles --> Sandnichles
feroce --> fierce
funeralhom --> funeral
funeralhom --> home
rnerkandite --> rnecans
zhulong --> Pork
zhulong --> cage
roacvelt --> roacvel
ralllager --> rally
padelphia --> Padelphia
etes --> meals
kingnuud --> ghost
drookie --> Drookie
prosielo --> accession
peyenw --> Peyenw
npoaykm --> NPOAKM
acwabahe --> comply
macmacanka --> sweets
siazaa --> I
siazaa --> do
siazaa --> not
siazaa --> give
siazaa --> birth
shabeeles --> the
shabeeles --> Shabelle
onelolin --> Oneelolin
ormsiong --> ormion
tzotepawn --> Jotepon
schvabi --> closure
shmsung --> samsung
allkinds --> all
allkinds --> -child
azeasem --> Azeas
grzodb --> horrents
gialiot --> Gialiot
bokhandeln --> The
bokhandeln --> bookstore
rostovs --> Rostov
nddailycom --> NDDAIYOM
icceti --> Icceti
sudopore --> southopore
gontahat --> Got
s199 --> Q
s199 --> 199
dusaate --> shower
hemlooen --> hemage
wwwafantong --> Wow
wwwafantong --> wow
wwwafantong --> rice
wwwafantong --> bucket
terrasai --> Terra
terrasai --> festival
eudrade --> Eudrade
undveisty --> Endweists
inontinien --> unbeat
secartine --> Secartine
concotorte --> covenant
cathulal --> cathula
poloass --> Postical
poloass --> set
cadastia --> register
ainmogan --> notes
caufora --> core
riulnl --> Ruln
saanooe --> saayae
pharnacy --> pharmacy
antbiotics --> antibiotics
breaeasttnnch --> Breastnch
srebrer --> silver
besbtirul --> Besbsbtirul
ndeonatch --> deonatch
pootabesuligener --> Poot
pootabesuligener --> monitoring
samcersons --> samcerson
helstnybro --> Tryly
helstnybro --> bridge
slis68 --> Reduce
verser --> to
verser --> pay
zere --> avoid
puzzeria --> pizzeria
pasgquale --> passgquale
pizzera --> pizzrara
suradee --> Suradee
gartasse --> bead
reusteak --> Reuses
196l --> 196L
oketkhwe --> youked
nadonals --> Nadonos
empewo --> wind
dinorhistonteom --> Dinorhistonteom
buyigeti --> Do
buyigeti --> not
shadlane --> frown
genusabar --> Genusabar
hosplce --> Hosplce
dekuld --> DEFULT
thamolus --> Thamolus
ntoatoe --> Netatie
cvsipharmacy --> cvs
cvsipharmacy --> pharmacy
rauolles --> roughles
cofesowe --> of
cofesowe --> cow
shopsnohomish --> shop
shopsnohomish --> snohomish
etes --> meals
bidceyic --> Bidceyic
survelance --> surveillance
penelopes --> Penelope
avgenzzens --> the
avgenzzens --> avgence
puormay --> Puormay
busmmils --> Bushmills
tyrbnaag --> tyrb
audreyhepburn --> audrey
audreyhepburn --> hepburn
ilagin --> Ilagin
tosgza7z --> Tsaqzha
cuinanon --> cook
zahsanl --> Zadzlil
ingatesca --> inttecaca
1s11 --> 1S11
nocsutss --> notcutts
rooreuae --> Rooreua
takloring --> TAKLORING
ncdtotnnn --> ncdtotnn
usselsig --> lousy
193a --> 193
193a --> a
pilzeria --> pilziaa
begeracom --> Begarak
surroor --> Surrur
desplaines --> dispute
quimalli --> ques
empewo --> wind
laboearea --> laboea
ucelaeid --> ucelaelaid
bocapiu --> bochamin
achetee --> acheter
teoeosa --> Teoeosa
plizzeria --> Plizzeria
nosonaoa --> you
nosonaoa --> have
nosonaoa --> left
sprokso --> push
outbotan --> OutBotan
orminas --> OMINE
brwksering --> brwksing
otingestze --> sinering
wybebys --> know
sliuteru --> S
berentzen --> Berentzen
waerelod --> guilty
sonnema --> Sonnema
dunterlinden --> lindeny
apfelkon --> apple
uopetoy --> Othat
cauyecul --> Caucal
jouslcau --> juicelcaue
goolele --> Shout
uilago --> Uilago
ndeuld --> nddede
sprnceldre --> Sprnceldre
bakerlees --> baking
lastnightsparty --> Owningparty
oconenen --> ocones
nlechin --> Ninchin
entastar --> Intestar
attorbil --> actorbil
lulnwod --> Lulnanwod
mostlnec --> MOSTLNEC
makepovere --> Makepoepeare
wwwroddyscheer --> wwwodyscher
vesteseal --> vest
lavilletie --> lavilleie
srnahm --> We
srnahm --> visited
srnahm --> them
amaronsto --> Amaronsto
haiestulie --> Also,
haiestulie --> Situ
haiestulie --> Lie
odyblrd --> Odyblrd
stinadau --> stinade
wwnsisyiarkdinctce --> wwnsisyarkdinctce
ineantsans --> ineansans
preschodl --> Pourtla
achipocare --> looking
achipocare --> at
achipocare --> thepoore
cadeune --> gift
caldense --> Caldense
ketdiner --> Ketdiner
hahndorfinn --> Hashdeling
vtazinn --> vtazin
santahma --> Surface
homenagem --> homage
bbagatelas --> bbatanelas
escitores --> observer
landhandel --> trading
congitionens --> congression
cudconle --> Cudconle
adaaceil --> ascaceil
murcysut --> molcysut
bipp --> bip
nbaahua --> Nbathematics
bimpao --> Avoid
bimpao --> running
sinaasii --> Scroll
ddcg5 --> dcg5
pexoiis --> peak
biercas --> beer
shaistyling --> Caliber
aaaw2z --> Pause
straront --> squeeze
olenaleleetal --> Openingta
soundock --> sounddock
hanatu --> Hanter
mnblul --> Mnblul
tornenist --> Tornenist
sjuxfan --> Sjuxfan
leznaze --> leisure
etes --> meals
gralliti --> garlic
siveseire --> sivirus
anopawnshop --> the
anopawnshop --> Rwetrop
okerfelm --> Okerefelm
bhruay --> Bives
artsloio --> artlayer
heupsstore --> Heupsstore
cyenzo --> craft
agentseta --> agent
boksali --> boxing
eymundsson --> Eymundsson
leonareo --> Leonal
rescrenos --> resprens
dites --> say
spnsraet --> Spnsraet
schziee --> jelly
socieneresents --> Socienents
indolby --> Indolby
ncosoeu --> ncoso
blectkones --> Blectkones
2tz46 --> 2
2tz46 --> T.
2tz46 --> 46
tsutaie --> Ivy
udweiser --> udints
eileestal --> Eileestal
joyojoryde --> At
joyojoryde --> the
joyojoryde --> potato
joyojoryde --> ry
avare --> miser
lextnora --> Lextnora
funeralhome --> funeral
funeralhome --> home
brealan --> Blicy
anaasmirk --> Namirk
pakammuin --> in
pakammuin --> a
pakammuin --> bumpy
pharmaey --> Furious
uooskfa --> uoskfa
intothe --> into
intothe --> the
mylicnlsy --> Mylicnlsy
znamenka --> digit
mnatahoces --> You
mnatahoces --> have
teveinia --> tendon
srdcom --> by
srdcom --> heart
honsali --> Hosley
sawies --> Sawies
lordshiplane --> lordship
lordshiplane --> lane
mnaaray --> ounces
keabiehs --> Beabiehs
henker --> hangman
smurnoff --> smirnoff
noutriwn --> jar
hlioto --> chiyo
oneonte --> onenote
ullitien --> Ulli
sylanuta --> rabbit
daegwang --> Daegwang
peloooete --> Peloooe
peloooete --> to
nollowoy --> Nollowoy
conenotos --> cone
baynhon --> baynon
haistylin --> smell
hiahaate --> Hiatahate
lharmacy --> pharmacy
naevus --> nausing
a6919310 --> 19310
oaluntasn --> Oaluntasn
hoyekml --> Hoyekml
srattrg --> SRattrg
estuanl --> narrow
sorrinide --> smile
esorana --> Enarana
frecllos --> Frequent
hrikae --> Harige
devoirs --> homework
eaaohs --> eaay
cinemanen --> Cineman
paninshor --> Panishore
5zz7 --> Scoop
utitogil --> Useful
inyatesca --> Natuiesca
seabissz --> Seabis
zstiza --> tank
valusrite --> sore
eschar --> Eschar
bruumon --> noise
oineei --> oyohi
jipeach --> Jipal
modpech --> Modpech
suncnest --> Suncnest
embroerer --> Embroers
sbrodere --> Sbrodere
sots --> Sots
eaisojoot --> Eyei
eaisojoot --> Sho
eaisojoot --> O
telzfaxi --> telhzfahi
6y33 --> malleable
hitdinish --> hits
alifatn --> Alifatn
zuoyoal8 --> Make
zuoyoal8 --> Ali
zuoyoal8 --> 8
eratonn --> eraton
masallah --> Mashal
nidnntsun --> niddsun
getouhudsoncom --> Getouhudson
kioppad --> Kiopad
rnreeeitas --> rnnethita
neplitenanen --> Nepliteans
watgreens --> walgreens
praamass --> ferry
neptunc --> Nepurg
hgosgol --> hgolic
ueaccos --> Ueaccos
ngunen --> wretched
pharmacyc --> pharmacy
pnormtey --> pnormese
stakhouse --> steakhouse
nofeshon --> France
publcieer --> public
mnsipoong --> mnsipong
mesieara --> to
mesieara --> the
mesieara --> Messia
nesiten --> uninitiated
zathaug --> Zathug
mowotako --> mowotara
ropetio --> robotio
s709 --> Seh
s709 --> 09
s3966 --> Disgust
rattorapizzeria --> rattorative
glio --> lious
crtaftme --> drawings
etes --> meals
upoomen --> Ukodomen
eeslesges --> eesesges
elets --> plots
muco --> MUCO
bulselire --> Bulsel
bisirlg --> pensionlg
oalentaattns --> oalentate
aftonblaiet --> Aftonbladet
aftonblaet --> Aftonbladet
dgtlus --> dg.
outeitters --> OUTERNESTERS
bharmacy --> Bharmasya
klapparsigur --> clapping
lungvien --> Lungvien
enmronmanta --> Enmronmanta
ajotl91s --> Ajotl91s
nnecoaaste --> nnecoaste
lutimitr --> Lootimitra
nestautait --> Nestaat
pizzerin --> pizzer
olloton --> unearthed
patisserle --> pastry
ersiesae --> ArcSA
bataneicad --> Bantnesad
bezorgen --> deliver
crsdelile --> crrsdile
erlepa --> I'm
erlepa --> afraid
abriouede --> Abried
hafsalom --> frustrious
cotfeeshop --> cot
cotfeeshop --> -feeshop
overithe --> overrithe
uncorneredmarket --> Uncorneredmarket
oteehotse --> oeeehouse
ovcrursn --> Ovcrursn
hooaon --> HooToon
hiateaie --> Hiataie
ectroncs --> ECTRONCS
salosabuyon --> Salosabuyon
fuirnetuite --> Fuirnetuite
mfashindise --> mlfasho
aktiageon --> Aktiaageon
belleclaire --> Belleclaire
cablemas --> Cabloemas
yontotg --> gleam
eiglange --> egg
eiglange --> -length
hobokenslaom --> Hobecancelow
eantomee --> Eantome
amerique --> America
erantunls --> ericaunls
decialis --> decision
grekuas --> Greek
aptonoieia --> infidel
zaxaponnazteia --> jerk
mitka --> mark
eehouze --> eehots
azezapm --> Azezapm
gizooe --> gizoo
arlwtry --> tile
taeetas --> Taetus
j5966 --> Perpetuity
culgtsngren --> culgtssndgren
junjuns --> Junjuns
uronueev --> uronuev
dinehisotom --> Dineheesotom
taunderette --> Taunderette
vateax --> vastoax
bereowen --> bereoves
schoss --> shot
nltsundrel --> ltsundel
suanseriice --> suanseri
lavunniory --> Lavinniors
s999 --> Paste
hestofergan --> hartofer
sonoitan --> His
sonoitan --> heretical
eatantrn --> Unanimous
sdnonsen --> Sdnonsen
rmmettatmnogg --> RMMATTATMNOGG
azlzafm --> AZLZZUE
sauspork --> Sausport
gailueo --> device
digalie --> dig
arefeshler --> Arefeshler
udsosi --> Udsocy
uagnsie --> uagnsy
himallya --> Himalya
hliroshigs --> hiroshige
phitza --> Fitza
caercng --> Caercng
esrresse --> esrute
hulmeissphod --> Hulmeissphod
capucino --> Capucino
ristratto --> retract
lwanderia --> Landia
gyeamekkonn --> Gyeamekank
buludar --> Buludar
peamriosho --> Pair
peamriosho --> M
peamriosho --> Rio
onzales --> elevated
sieakhuss --> Siakhuss
unuguayua --> Ayu
unuguayua --> that
unuguayua --> takes
unuguayua --> off
charpie --> quap
tenitowire --> Ask
tenitowire --> your
tenitowire --> hand
ratnaaes --> Ratnaes
ahfa29s --> Mosquitoes
moccains --> moccasins
sosenale --> whisper
rviglean --> rvics
mitka --> mark
ghazayab --> Gaseous
arritoriat --> Arritoriat
panaderia --> bakery
sarco --> Sarco
fabicare --> Fabricare
orourkes --> hook
incocana --> incucana
vegetarisches --> vegetarian
madlands --> Madlands
qulkvard --> slave
etes --> meals
condineli --> Condin
condineli --> them
seheniig --> see
allititeg --> Allitite
aritinosui --> Land
aritinosui --> water
narutet --> Tate
narutet --> T
mindubonline --> Mindubonline
lebjges --> Lebjges
estwnant --> Estonad
couler --> to
couler --> flow
oitlomaticos --> oitlomatic
deprotien --> deprotion
charbroil --> carbroil
kitabevi --> bookstore
halinart --> Hallinarta
y181 --> Y181
succialty --> succualty
oauioe --> OualAoooo
diveiviev --> divivium
telis294532 --> 4532
telis294532 --> Telis
photsoraphe --> Powder
arbershop --> barbershop
xoelacriz --> XELACRIZ
aniuanan --> anuananan
shantsalie --> chants
helferich --> helper
ssnraes --> Saintrice
rwanida --> Rwan
vtlivingcom --> Venlingcom
quiniela --> football
quiniela --> pools
riptoyotey --> ripteotes
stjacobsoill --> Stjacobsoill
chyle --> Leaving
ooorad --> yorn
uercouns --> ershouns
roerste --> closure
urlki --> url
hosptin --> Hospin
arsaluos --> will
arsaluos --> arsal
encnna --> ENNNA
dummerlapp --> stupid
luntigorent --> lunptorent
culombr --> pigeons
ipatka --> iPatatka
irerop --> IREROP
waleuig --> spoken
tnogeion --> T's
tnogeion --> art
tnogeion --> sound
daysalhr --> role
bntuna --> Bntuna
enoott --> most
nisoies --> wise
elets --> plots
tocchi --> touches
speritisl --> rider
ristorane --> restaurant
stolichnad --> capital
stolichnay --> Capital
stolichnal --> metropolitan
lichnaya --> Personal
stolichna --> metropolitan
s199 --> Q
s199 --> 199
cosminel --> Cosminel
belvoue --> call
belvoue --> folds
dioaatioo --> diochy
tunistee --> tune
dilonosivielg --> Delicate
durtonnwd --> turtle
flonitos --> fateful
alonsos --> Alonsos
efumadorz --> foundedly
secondiad --> secondment
badweiser --> bath
badweiser --> weights
ctaaaa --> ctaaa
jerirlys --> Jerirlys
acadeilg --> acadeil
cornexchange --> corn
cornexchange --> exchange
eoleeio --> Enable
eoleeio --> Elee
eoleeio --> give
teleoeze --> telephoto
efabio --> jerk
chaigeting --> Chai
chaigeting --> brother
chaigeting --> listened
gizo06 --> Gizo06
189a --> 189
189a --> a
811a79 --> 811
811a79 --> counted
skenwsid --> squeeze
eitlsicr --> flight
ovmmiw --> Ovmmiw
alliee --> ally
lauuoe --> lauoee
gymncsum --> Gymncsum
hatrnits --> Hottes
tmyatleo --> Tmyatleo
elvezete --> dedication
pewquerio --> Pewquerio
peluaueria --> cariioria
fotografie --> photo
tondpah --> ToDpah
s299 --> leg
elets --> plots
amene --> which
ocagoca --> Ocagoca
303a33625 --> 303
303a33625 --> Give
clasigl --> clash
ytoykwhd --> Otiikvnd
oarnbeoo --> OARNBOOO
tsoisi --> pouch
duomeant --> Duomean
podrteak --> underwater
tsornesbom --> Tsornesv
ocagoa --> OGAGOA
branasin --> Branson
cgaretiens --> cgeretiens
06s8 --> 06
offlicence --> off
offlicence --> licence
ulnae --> Ulnana
paxaiaan --> poxaian
siwboe --> sublime
dhrucwon --> drucwon
batoawile --> they
batoawile --> areatile
recduant --> recyonal
lamlegend --> lamboy
lolseoo --> lolseooo
verkauf --> sale
cnocolig --> chewolic
phaamacy --> Pharmacy
michacliarecki --> Michacliarecki
surroor --> Surrur
chadhauy --> Climbing
exraliren --> Exrali
mnporistun --> mnoro
gcodncr --> Codncr
uniroval --> Unwashed
hanbun --> half
pratzen --> Pratç
pirzera --> pier
9a1961 --> 9
9a1961 --> A
9a1961 --> 1961
pereetitl --> family
troebeis --> trumpy
iyerha --> iRERHA
frefnicrup --> Frefnyrup
maraude --> maraud
acencte --> this
kanpong --> Kanpong
fugliapizze --> FUCHPOTHIE
publcieer --> public
mnsipoong --> mnsipong
mesieara --> to
mesieara --> the
mesieara --> Messia
zathaug --> Zathug
eunapg --> Eunapg
rsesua --> rose
a2aggb --> Improvised
teoueas --> Teua
zindhandcom --> Life
nldsautee --> nldsapaee
oogtin7 --> eye
oogtin7 --> tin7
cupcat --> capcut
coceboncs --> soceboncs
tumiligs --> Tagiligs
sadeidng --> precipitation
cocdcmorte --> cocdcmort
anolaen --> anneal
hunderbird --> Thunderbird
izzenioot --> eszzeniot
autrmobne --> autrmobic
restnicemne --> Restnic
restnicemne --> topic
dizalerta --> Rabbit
letoesaoz --> Winting
letoesaoz --> with
coffehouse --> coffee
coffehouse --> house
itusionist --> Ititonist
mcktynous --> McCt
cashasan --> Mashing
ouveras --> heaven
cislahanacy --> cishachaannaan
pizterta --> antique
anacram --> Acram
robopim --> Robopim
606365z77z --> 606365
606365z77z --> Zhazah
carree --> tile
s599 --> Fabricate
comidiapersamelindex --> EDIDIAPERSAMELINDEX
1n99 --> 1
1n99 --> tissue
quksiler --> private
oapmakeio --> ippalkoio
apoteka --> pharmacy
8s19 --> 8
8s19 --> x
8s19 --> 19
2oodloshn --> Adlshen
phariracy --> Pharcy
zeppoles --> Zeppoles
cigarcia --> cigar
alleohna --> Alleohna
seuonnal --> Seononnal
etes --> meals
fceirl --> Freirl
surroor --> Surrur
apoteker --> pharmacist
salutorget --> The
salutorget --> market
salutorget --> square
sgitakl --> Burn
teupicnee --> Teupicnee
alenina --> to
alenina --> be
alenina --> bought
hettidea --> hettide
oinoseur --> Oinoseur
saunerta --> saunter
soitstoinl --> call
jimrro --> Jimrro
tcaronen --> tcarons
1af2iz008 --> 1AF2Z008
mtaadomc --> Mtadomc
phizerihegina --> Phizerihegina
bsozza7z66 --> Shed
esfresso --> smear
1zpsllpm --> 1
1zpsllpm --> ZPSLLPM
aatonan --> eve
glaghuni --> Glanguni
speilbengs --> mirrored
71b1 --> 71
71b1 --> b
71b1 --> 1
paranormall --> paranormal
pnooradhy --> Fetish
booctan --> Booctan
uangstigl --> unrestigl
cvsipharmacy --> cvs
cvsipharmacy --> pharmacy
cvstpharmacy --> cvs
cvstpharmacy --> pharmacy
uchmalne --> graduate
ceorgeusat --> ceorgeus
apteek --> pharmacy
zere --> avoid
rtsekes --> Rcekis
kesslers --> Kesslers
wwwatfranciscouk --> WWWATFRANCISCOUK
haltmal --> This
haltmal --> is
harando --> Is
harando --> Land
sonurign --> son
dinerhistonseom --> Dinerstonse
desplalnes --> slope
genito --> genitourinary
frodander --> Frodander
bowongeie --> bowongee
patusouie --> Bususouie
patserie --> pastry
patserie --> shop
d199 --> D
d199 --> 199
apotheke --> pharmacy
einnahme --> taking
raucherbedaresatikel --> smoking
geschenkarikel --> gift
geschenkarikel --> car
zeitschriften --> magazines
tabakwaren --> tobacco
zetjungen --> zetjusts
spirituosen --> spirits
o335a21002 --> And
o335a21002 --> Ahaa
o335a21002 --> 1002
faxob357007 --> Fox
faxob357007 --> and
faxob357007 --> the
faxob357007 --> 007
coolicht --> cool
rulltos --> roll
kebabpizzeria --> kebab
kebabpizzeria --> pizzeria
uaprran --> uaprani
esauran --> Sowran
alerainy --> they
alerainy --> book
alerainy --> up
noosiogina --> nosio
bondegarden --> The
bondegarden --> farming
bondegarden --> yard
sualotoes --> SUALOTOES
tuakons --> Tuakons
koapila --> Coapil
noounad --> Noonad
troykas --> Troika
matsapllin --> Matsapllin
asfeietis --> asphyer
herdegeen --> hherder
briexske --> Briexske
klixie --> Kriss
klixie --> Russia
smokemart --> Fokemart
loscespunss --> loscesspuns
coagula --> coagulate
s529g --> Scatter
malerstie --> painter
malerstie --> stius
coglianoese --> Coglianoese
muriontude --> YORIOMEDIED
rakmail --> hack
tootaat --> produce
deltngt --> shared
pamloiz --> Pamlines
aquutem --> Aquutem
aptieka --> pharmacy
savolskis --> Savileski
streisan --> they
streisan --> tied
jaunacial --> LANDCIAL
strasbung --> lust
cofeehouse --> coffee
cofeehouse --> house
7130pm --> 7130
7130pm --> BM
elertrones --> Elertrons
fharmala --> Urmanla
ashllann --> AshLè
rostbud --> Rostbud
acanatie --> Acanation
tieatirntatre --> Tiatirntatre
cohzoos --> Cohzoos
aohziooa --> Aohizl
estaurantes --> restaurants
doardwak --> Doarsewak
ottauguechee --> otaugueeee
inconvieneng --> inconvenient
busmmils --> Bushmills
olloloo --> olloo
eivereidy --> avereid
coffeshop --> coffee
coffeshop --> shop
9r1z06 --> 9
9r1z06 --> t
9r1z06 --> 1
9r1z06 --> g
9r1z06 --> 06
ladinitas --> bunny
drphieun --> drhen
clecueos --> Clecueos
splonaidn --> Splitn
caffenero --> caper
eseresso --> post
eseresso --> away
nigolon --> niglo
unusyacorg --> Unusakarg
brazilianesas --> Brazilianes
noelzia --> Noelzia
gizoog --> Gizoog
cisifains --> Anyfanes
relechi --> Relachi
roalhtye --> Roalhtyye
foxoaklandirg --> Foxocratg
ugaava --> ugau
otogizods --> Uzhizods
siunsaene --> siunseene
22so7 --> Wipe
futurismo --> futurism
nesumgn --> and
nesumgn --> Sumgn
tallorim --> mock
aiurig --> Aiurig
gmofres --> GMOFRES
joreria --> Women's
joreria --> Lelia
farmacie --> pharmacy
tarmacie --> friction
droguerie --> drugstore
keerestaurant --> turning
keerestaurant --> center
ahacais --> Ahusis
gewnsbieg --> bend
kooiuny --> koiity
foodnut --> food
